model_id:id,group_id:id,id,name,perm_read,perm_write,perm_create,perm_unlink
model_lista_precios_megatk,manager_lista_precio_megatk,access_model_lista_precios_megatk_manager,lista.precios.megatk,1,1,1,1
model_lista_precios_megatk,usuario_lista_precio_megatk,access_usuario_lista_precio_megatk_user,lista.precios.megatk,1,0,0,0
model_lista_precios_megatk_line,manager_lista_precio_megatk,access_model_lista_precios_megatk_line_manager,lista.precios.megatk.line,1,1,1,1
model_lista_precios_megatk_line,usuario_lista_precio_megatk,access_model_lista_precios_megatk_line_user,lista.precios.megatk.line,1,1,1,1
model_lista_precios_producto,manager_lista_precio_megatk,access_model_lista_precios_producto_manager,lista.precios.producto,1,1,1,1
model_lista_precios_producto,usuario_lista_precio_megatk,access_model_lista_precios_producto_user,lista.precios.producto,1,0,0,0
model_lista_precios_producto,manager_lista_precio_megatk,access_model_lista_precios_producto_manager,lista.precios.tipo.descuento,1,1,1,1
model_lista_precios_producto,usuario_lista_precio_megatk,access_model_lista_precios_producto_user,lista.precios.tipo.descuento,1,0,0,0
